Anthony_V_Hines,Job Search And Career Help - My Job Search Tips Are Working So Get Them. https://t.co/DLZzQrIgb8 via @YouTube ?  #googlelayoffs #Metalayoffs  #Twitterlayoffs #amazonlayoffs #microsoftlayoffs  #Stripelayoffs #jobsearch #jobseeker #unemployment #opentowork #Coinbaselayoffs,2023-03-27 02:56:29+00:00,https://twitter.com/Anthony_V_Hines/status/1640185997945126913
Anthony_V_Hines,Job Search Help - Five Easy Steps To Get Your Job Search Moving - https://t.co/ljg2hoELwe via @YouTube #googlelayoffs #Metalayoffs  #Twitterlayoffs #amazonlayoffs #microsoftlayoffs  #Stripelayoffs #jobsearch #jobseeker #unemployment #opentowork #Coinbaselayoffs,2023-03-05 23:58:03+00:00,https://twitter.com/Anthony_V_Hines/status/1632530947399725056
Anthony_V_Hines,Job Search Help - Check Out My New Job Search YouTube Channel - https://t.co/gD6jWESnwO via @YouTube ?  #googlelayoffs #Metalayoffs  #Twitterlayoffs #amazonlayoffs #microsoftlayoffs  #Stripelayoffs #jobsearch #jobseeker #unemployment #opentowork #Coinbaselayoffs,2023-03-05 23:48:06+00:00,https://twitter.com/Anthony_V_Hines/status/1632528444398481409
Anthony_V_Hines,"#Metalayoffs #Stripelayoffs #Twitterlayoffs #Amazonlayoffs 
#opentowork #Coinbaselayoffs #Ringcentrallayoffs #Carvanalayoffs #Zendesklayoffs #laidoff #Salesforcelayoffs https://t.co/ITBF3qmTXR",2023-03-05 20:00:26+00:00,https://twitter.com/Anthony_V_Hines/status/1632471147273936897
Anthony_V_Hines,Job Search Help - Opportunity Comes In Many Ways - https://t.co/scN0lUtG8z via @YouTube #Metalayoffs  #Twitterlayoffs #amazonlayoffs #microsoftlayoffs  #Stripelayoffs #jobsearch #jobseeker #unemployment #opentowork #Coinbaselayoffs #Ringcentrallayoffs #Carvanalayoffs,2023-03-04 18:21:49+00:00,https://twitter.com/Anthony_V_Hines/status/1632083942068084737
Anthony_V_Hines,Job Search Help - LinkedIn Audio Events Are EXPLODING In Popularity. https://t.co/9OlPtzr4OM via @YouTube #Metalayoffs  #Twitterlayoffs #amazonlayoffs #microsoftlayoffs  #Stripelayoffs #jobsearch #jobseeker #unemployment #opentowork #Coinbaselayoffs #Ringcentrallayoffs,2023-03-04 18:09:28+00:00,https://twitter.com/Anthony_V_Hines/status/1632080835259125767
Anthony_V_Hines,Job Search Help - Focus On Being Positive And People Will Notice Positiv... https://t.co/atPxY6OOct via @YouTube #Metalayoffs  #Twitterlayoffs #amazonlayoffs #microsoftlayoffs  #Stripelayoffs #jobsearch #jobseeker #unemployment #opentowork #Coinbaselayoffs #Ringcentrallayoffs,2023-03-04 18:05:22+00:00,https://twitter.com/Anthony_V_Hines/status/1632079804336930816
Anthony_V_Hines,Job Search Help - You Win Or You Learn - https://t.co/SlkMK93QaQ via @YouTube googlelayoffs #Metalayoffs  #Twitterlayoffs #amazonlayoffs #microsoftlayoffs  #Stripelayoffs #jobsearch #jobseeker #unemployment #opentowork #Coinbaselayoffs #Ringcentrallayoffs #Carvanalayoffs,2023-03-04 17:49:44+00:00,https://twitter.com/Anthony_V_Hines/status/1632075870591483904
Anthony_V_Hines,Job Search Help - Driving Relationships To Get Job Search Support - https://t.co/aJrhcWf6lN via @YouTube #Metalayoffs  #Twitterlayoffs #amazonlayoffs #microsoftlayoffs  #Stripelayoffs #jobsearch #jobseeker #unemployment #opentowork #Coinbaselayoffs #Ringcentrallayoffs,2023-03-04 17:39:23+00:00,https://twitter.com/Anthony_V_Hines/status/1632073266616496128
Anthony_V_Hines,"Job Search Help - Remove Negativity And Get Better Results - https://t.co/0hHTar28w6 via @YouTube 
 #Metalayoffs  #Twitterlayoffs #amazonlayoffs #microsoftlayoffs  #Stripelayoffs #jobsearch #jobseeker #unemployment #opentowork #Coinbaselayoffs #Ringcentrallayoffs #Carvanalayoffs",2023-03-04 17:34:18+00:00,https://twitter.com/Anthony_V_Hines/status/1632071985374134274
Anthony_V_Hines,Job Search Help - Make Your Job Search Progress Start To Happen For You ... https://t.co/bPUwOXCsMH via @YouTube #Metalayoffs  #Twitterlayoffs #amazonlayoffs #microsoftlayoffs  #Stripelayoffs #jobsearch #jobseeker #unemployment #opentowork #Coinbaselayoffs #Ringcentrallayoffs,2023-03-04 17:30:53+00:00,https://twitter.com/Anthony_V_Hines/status/1632071125105557506
Anthony_V_Hines,Job Search Help - Make Your LinkedIn Profile Pop - https://t.co/y42bLunFow via @YouTube #Metalayoffs  #Twitterlayoffs #amazonlayoffs #microsoftlayoffs  #Stripelayoffs #jobsearch #jobseeker #unemployment #opentowork #Coinbaselayoffs #Ringcentrallayoffs #Carvanalayoffs,2023-03-04 17:27:52+00:00,https://twitter.com/Anthony_V_Hines/status/1632070367144710144
Anthony_V_Hines,Job Search Help - Referral Programs Are There To Be Used - https://t.co/m6zwpFGzJw via @YouTube #Metalayoffs  #Twitterlayoffs #amazonlayoffs #microsoftlayoffs  #Stripelayoffs #jobsearch #jobseeker #unemployment #opentowork #Coinbaselayoffs #Ringcentrallayoffs #Carvanalayoffs,2023-03-04 17:24:39+00:00,https://twitter.com/Anthony_V_Hines/status/1632069556037644288
Anthony_V_Hines,Job Search And Career Help Now Podcasts https://t.co/0tVMemzf2s via @YouTube #googlelayoffs #Metalayoffs  #Twitterlayoffs #amazonlayoffs #microsoftlayoffs  #Stripelayoffs #jobsearch #jobseeker #unemployment #opentowork #Coinbaselayoffs #Ringcentrallayoffs #Carvanalayoffs,2023-03-04 16:50:31+00:00,https://twitter.com/Anthony_V_Hines/status/1632060967772094465
Anthony_V_Hines,"I'm hosting Job Search Help Right Now - How To Recover From Being Ghosted -. Would you like to attend?
https://t.co/FWpxEs0DYB #Metalayoffs #Stripelayoffs #Twitterlayoffs #Amazonlayoffs 
#opentowork #Coinbaselayoffs #Ringcentrallayoffs #Carvanalayoffs #Ze…https://t.co/1K7LxuMfTS",2023-02-22 01:05:32+00:00,https://twitter.com/Anthony_V_Hines/status/1628199274155737089
Anthony_V_Hines,"https://t.co/pSR71xY2gx #Metalayoffs #Stripelayoffs #Twitterlayoffs #Amazonlayoffs 
#opentowork #Coinbaselayoffs #Ringcentrallayoffs #Carvanalayoffs #Zendesklayoffs #laidoff #Salesforcelayoffs",2023-02-20 00:42:09+00:00,https://twitter.com/Anthony_V_Hines/status/1627468614776373248
Anthony_V_Hines,Job Search &amp; Career Help RIGHT NOW - Anthony Hines - https://t.co/Uh0KIoMqAf #googlelayoffs #Metalayoffs  #Twitterlayoffs #amazonlayoffs #microsoftlayoffs  #Stripelayoffs #jobsearch #jobseeker #unemployment #opentowork #Coinbaselayoffs #Ringcentrallayoffs #Carvanalayoffs,2023-02-12 20:53:36+00:00,https://twitter.com/Anthony_V_Hines/status/1624874383528407041
Anthony_V_Hines,"Remember to focus only on you as #1 in a jobsearch. #Metalayoffs #Stripelayoffs #Twitterlayoffs #Amazonlayoffs 
#opentowork #Coinbaselayoffs #Ringcentrallayoffs #Carvanalayoffs #Zendesklayoffs #laidoff #Salesforcelayoffs https://t.co/MrgTxA6o2c",2023-02-12 07:12:31+00:00,https://twitter.com/Anthony_V_Hines/status/1624667753180168193
Anthony_V_Hines,Job Search Help RIGHT NOW - Do this NOW to Get A Job Fast - #googlelayoffs #Metalayoffs  #Twitterlayoffs #amazonlayoffs #microsoftlayoffs  #jobsearch #jobseeker #unemployment #opentowork #Coinbaselayoffs #Ringcentrallayoffs https://t.co/cGpGbVw323,2023-01-29 21:26:55+00:00,https://twitter.com/Anthony_V_Hines/status/1619809337345724416
Anthony_V_Hines,"#Metalayoffs #Stripelayoffs #Twitterlayoffs #Amazonlayoffs 
#opentowork #Coinbaselayoffs #Ringcentrallayoffs #Carvanalayoffs #Zendesklayoffs #laidoff #Salesforcelayoffs https://t.co/arPiGzvg4d",2023-01-28 20:07:24+00:00,https://twitter.com/Anthony_V_Hines/status/1619426940552712197
Anthony_V_Hines,"Why can’t this happen for you? #Metalayoffs #Stripelayoffs #Twitterlayoffs #Amazonlayoffs 
#opentowork #Coinbaselayoffs #Ringcentrallayoffs #Carvanalayoffs #Zendesklayoffs #laidoff #Salesforcelayoffs https://t.co/bwZX3AvJRO",2023-01-27 01:35:54+00:00,https://twitter.com/Anthony_V_Hines/status/1618784834632941570
Anthony_V_Hines,Check out this upcoming event I’ll be hosting. #googlelayoffs #Metalayoffs  #Twitterlayoffs #amazonlayoffs #microsoftlayoffs  #Stripelayoffs #jobsearch #jobseeker #unemployment #opentowork #Coinbaselayoffs #Ringcentrallayoffs #Carvanalayoffs #Zendesklayof…https://t.co/Bjzlrsec39,2023-01-22 16:58:45+00:00,https://twitter.com/Anthony_V_Hines/status/1617205137285455874
morning_coder,"#layoffs in #Amazon, #GoldmanSachs , #Coinbase .
 
Feel free to reach out along with your resume. Stay Strong. Best wishes for you all. 

#layoffs #amazonlayoffs #amazonlayoff #coinbaselayoffs #techtwitter #coding #support",2023-01-12 10:07:32+00:00,https://twitter.com/morning_coder/status/1613477770411274243
isaigramirez,#coinbaselayoffs #coinbase,2023-01-12 01:46:39+00:00,https://twitter.com/isaigramirez/status/1613351718959611904
ohemmjay,"Departing @coinbase? Reach out privately to discuss some potential IT-options moving forward, whether consulting or FTE, please don't hesitate! #Coinbase #coinbaselayoffs #layoffs #hiring",2023-01-12 01:01:34+00:00,https://twitter.com/ohemmjay/status/1613340375686553600
ezetalamona,"Coinbase planea despedir 950 empleados, después de ya haber despedido 1,100 en Junio de 2022. Lo que suma a una cifra de 30,000 de despidos en total en el mundo tech y crypto.

https://t.co/PTF9ubCoav

#CoinbaseLayoffs #DespidosEnCoinbase",2023-01-11 23:15:15+00:00,https://twitter.com/ezetalamona/status/1613313620544290820
bytesyzecrypto,"Bitcoin Volume Up After Rally, But Very Below H2 2022 Levels 
https://t.co/hR5AQ3bowP

#Bitcoin #TradingVolume #PriceRally #CoinbaseLayoffs #bytesyzecrypto #cryptonews https://t.co/R9sMQaYFTp",2023-01-11 13:32:58+00:00,https://twitter.com/bytesyzecrypto/status/1613167082585178113
longtermdaily,@coinbase #coinbaselayoffs,2023-01-11 12:22:18+00:00,https://twitter.com/longtermdaily/status/1613149301026193409
bigwoice,"Coinbase, a company that buys and sells digital money, is cutting a lot of jobs because the market for digital money is not doing well and the company wants to save money. Some projects will be stopped and some teams will have less people. 

#CoinbaseLayoffs #CryptoCuts https://t.co/23CHUsaUnL",2023-01-11 06:57:21+00:00,https://twitter.com/bigwoice/status/1613067521602600960
CryptoAnomalous,Can't get my new ADA purchase off of @coinbase and I have never had this problem before. Does anyone else have this problem? #warning #crypto #CardanoCommunity #coinbasesupport #coinbaseLayoffs https://t.co/6CcwluCTj0,2023-01-10 17:11:11+00:00,https://twitter.com/CryptoAnomalous/status/1612859611316457483
bytesyzecrypto,"Crypto Winter Gets Chiller: Coinbase Cuts 1,000 Positions 
https://t.co/O0q8wfxuND

#CoinbaseLayoffs #CryptoWinter #FTX #CryptoExchange #bytesyzecrypto #cryptonews https://t.co/qhxvvEorDw",2023-01-10 14:28:58+00:00,https://twitter.com/bytesyzecrypto/status/1612818787530678274
Anthony_V_Hines,"I'm hosting Job Search Help RIGHT NOW - Make Your Job Search Traction Soar In 2023 -. Would you like to attend?
https://t.co/sUy32lVsuB
 #Metalayoffs #Stripelayoffs #Twitterlayoffs #Amazonlayoffs 
#opentowork #Coinbaselayoffs #Ringcentrallayoffs #Carvanal…https://t.co/lFdJMF7E3X",2023-01-05 07:56:11+00:00,https://twitter.com/Anthony_V_Hines/status/1610908000755105792
Anthony_V_Hines,"#Metalayoffs #Stripelayoffs #Twitterlayoffs #Amazonlayoffs 
#opentowork #Coinbaselayoffs #Ringcentrallayoffs #Carvanalayoffs #Zendesklayoffs #laidoff https://t.co/zf3lyXFHNw",2022-12-31 23:55:56+00:00,https://twitter.com/Anthony_V_Hines/status/1609337592872329220
Anthony_V_Hines,"I'm hosting Job Search Help RIGHT NOW - Gaining Job Search Confidence FAST -. Would you like to attend?
https://t.co/IIA7VubF9Y #Metalayoffs #Stripelayoffs #Twitterlayoffs #Amazonlayoffs 
#opentowork #Coinbaselayoffs #Ringcentrallayoffs #Carvanalayoffs #Zendesklayoffs #laidoff",2022-12-29 04:15:11+00:00,https://twitter.com/Anthony_V_Hines/status/1608315669002452993
Anthony_V_Hines,"I'm hosting Job Search Help RIGHT NOW - Gaining Job Search Confidence FAST -. Would you like to attend? #Metalayoffs #Stripelayoffs #Twitterlayoffs #Amazonlayoffs 
#opentowork #Coinbaselayoffs #Ringcentrallayoffs #Carvanalayoffs #Zendesklayoffs #laidoff https://t.co/TLsuNl7bBt",2022-12-28 05:40:48+00:00,https://twitter.com/Anthony_V_Hines/status/1607974827775623168
Anthony_V_Hines,"172 signed up already. Woop woop!!! Lets blow this out attendancewise. Get your 2023 started right. #Metalayoffs #Stripelayoffs #Twitterlayoffs #Amazonlayoffs 
#opentowork #Coinbaselayoffs #Ringcentrallayoffs #Carvanalayoffs #Zendesklayoffs #laidoff 

I'm…https://t.co/3IguPVfQkk",2022-12-26 17:07:46+00:00,https://twitter.com/Anthony_V_Hines/status/1607422932266979329
Anthony_V_Hines,"I'm hosting Job Search Support And Help - Fireworks For Your Search To Start 2023. -. Would you like to attend?
https://t.co/uZgb1EYZRd
#Metalayoffs #Stripelayoffs #Twitterlayoffs #Amazonlayoffs 
#opentowork #Coinbaselayoffs #Ringcentrallayoffs #Carvanala…https://t.co/IHCrRRuEMd",2022-12-21 00:23:01+00:00,https://twitter.com/Anthony_V_Hines/status/1605358142329683968
Anthony_V_Hines,"Check out this upcoming event I’ll be hosting. #Metalayoffs #Stripelayoffs #Twitterlayoffs #Amazonlayoffs #jobseeker #jobsearch
#opentowork #Coinbaselayoffs #Ringcentrallayoffs #Carvanalayoffs #Zendesklayoffs #laidoff https://t.co/m00guXA2Li",2022-12-10 22:32:32+00:00,https://twitter.com/Anthony_V_Hines/status/1601706457099124736
Anthony_V_Hines,"#Metalayoffs #Stripelayoffs #Twitterlayoffs #Amazonlayoffs 
#opentowork #Coinbaselayoffs #Ringcentrallayoffs #Carvanalayoffs #Zendesklayoffs #laidoff 

I'm hosting Job Search Help And Support - Attaining Jobsearch Success Fast -. Would you like to attend? https://t.co/JvcAMSblhZ",2022-12-07 05:59:15+00:00,https://twitter.com/Anthony_V_Hines/status/1600369326002937856
Anthony_V_Hines,"Linkedin Audio events to help jobseekers. Check them out every Tuesday. https://t.co/YioIs3gMkr via @YouTube #Metalayoffs #Stripelayoffs #Twitterlayoffs #Amazonlayoffs 
#opentowork #Coinbaselayoffs #Ringcentrallayoffs #Carvanalayoffs #Zendesklayoffs #laidoff",2022-12-05 13:00:31+00:00,https://twitter.com/Anthony_V_Hines/status/1599750564300353537
Anthony_V_Hines,"Sign up right now for my LinkedIn audio events. Job seeker help and tips￼ #Metalayoffs #Stripelayoffs #Twitterlayoffs #Amazonlayoffs 
#opentowork #Coinbaselayoffs #Ringcentrallayoffs #Carvanalayoffs #Zendesklayoffs #laidoff https://t.co/leJSJZj45T via @YouTube",2022-12-05 04:58:38+00:00,https://twitter.com/Anthony_V_Hines/status/1599629294744936448
Anthony_V_Hines,"Focus On The Number One When Job Seeking. #Metalayoffs #Stripelayoffs #Twitterlayoffs #Amazonlayoffs 
#opentowork #Coinbaselayoffs #Ringcentrallayoffs #Carvanalayoffs #Zendesklayoffs #laidoff https://t.co/D0rYrWRVWN via @YouTube",2022-12-05 04:47:33+00:00,https://twitter.com/Anthony_V_Hines/status/1599626507399606272
Anthony_V_Hines,"#Metalayoffs #Stripelayoffs #Twitterlayoffs #Amazonlayoffs 
#opentowork #Coinbaselayoffs #Ringcentrallayoffs #Carvanalayoffs #Zendesklayoffs #laidoff 

Hi my name is Anthony Hines and I have been trying to help jobseekers get their next great opportunity…https://t.co/NqG4BEiG2X",2022-12-03 02:10:52+00:00,https://twitter.com/Anthony_V_Hines/status/1598862300920025088
Anthony_V_Hines,"I'm hosting Interviewing The Recruiter With Jill Harris . Would you like to attend? #Metalayoffs #Stripelayoffs #Twitterlayoffs #Amazonlayoffs 
#opentowork #Coinbaselayoffs #Ringcentrallayoffs #Carvanalayoffs #Zendesklayoffs #laidoff https://t.co/m5iL1dP7U7",2022-11-30 20:21:21+00:00,https://twitter.com/Anthony_V_Hines/status/1598049565743226881
Anthony_V_Hines,"Check out this upcoming event I’ll be hosting. #Metalayoffs #Stripelayoffs #Twitterlayoffs #Amazonlayoffs 
#opentowork #Coinbaselayoffs #Ringcentrallayoffs #Carvanalayoffs #Zendesklayoffs #laidoff https://t.co/TKUpQYuNeV",2022-11-27 15:24:15+00:00,https://twitter.com/Anthony_V_Hines/status/1596887633103200256
Anthony_V_Hines,"I'm hosting Job Search Help - Landing A Job During The Holidays -. Would you like to attend? #Metalayoffs #Stripelayoffs #Twitterlayoffs #Amazonlayoffs 
#opentowork #Coinbaselayoffs #Ringcentrallayoffs #Carvanalayoffs #Zendesklayoffs #laidoff https://t.co/otfwCEmmXp",2022-11-23 15:58:54+00:00,https://twitter.com/Anthony_V_Hines/status/1595446801968103424
Anthony_V_Hines,"#Metalayoffs #Stripelayoffs #Twitterlayoffs #Amazonlayoffs 
#opentowork #Coinbaselayoffs #Ringcentrallayoffs #Zendesklayoffs #laidoff https://t.co/ifzfIyyCji",2022-11-16 14:56:31+00:00,https://twitter.com/Anthony_V_Hines/status/1592894387381538816
Anthony_V_Hines,"#Metalayoffs #Stripelayoffs #Twitterlayoffs 
#opentowork #Coinbaselayoffs #Ringcentrallayoffs #Zendesklayoffs #laidoff https://t.co/zfP7t8fotK",2022-11-13 18:57:26+00:00,https://twitter.com/Anthony_V_Hines/status/1591867853040402432
Anthony_V_Hines,"I'm hosting Job Search And Career Help  - Turning Rejection Into Success -. Would you like to attend?
https://t.co/DpMHdwErK5. 
Just click the  link above. #Metalayoffs #Stripelayoffs #Twitterlayoffs 
#opentowork #Coinbaselayoffs #Ringcentrallayoffs",2022-11-12 02:15:07+00:00,https://twitter.com/Anthony_V_Hines/status/1591253223062769665
dellyranksindia,"Coinbase lays off over 60 employees as cryptocurrencies extend fall #binance #coinbase #CoinbaseGlobalInc #coinbaselayoffs #crypto #ftx https://t.co/iwULQgZqRh
https://t.co/MBplEY9s2b",2022-11-11 10:02:52+00:00,https://twitter.com/dellyranksindia/status/1591008549060108290
latestly,Coinbase Layoffs: Crypto Exchange To Sack More Employees in Fresh Round of Job Cuts Amid FTX Saga #Coinbase #Layoffs #CoinbaseLayoffs #FTX #FTXCRASH #Cryptocurrency @coinbase https://t.co/HtFR1zsshj,2022-11-11 05:31:58+00:00,https://twitter.com/latestly/status/1590940376583778305
