jais_george,Video communication platform Zoom sacks president Greg Tomb 'without cause' #ZoomLayoffs #ZoomPresident #TechLayoffs #GregTombZoom #Zoom #GregTomb #Layoffs #JobCuts  https://t.co/q3R0pxqvgX,2023-03-07 09:00:17+00:00,https://twitter.com/jais_george/status/1633029794718949376
TIMOFFICIAL94,"The president of Zoom was fired days after the video conferencing platform laid off around 1,300 employees.

Visit our website for daily news update
https://t.co/DE4ULsLLwQ

#TIM #theinternationalmagazine
#Zoom #ZoomPresident @Zoom #GregTomb #ZoomLayoffs https://t.co/7mYfN06USB",2023-03-06 10:23:21+00:00,https://twitter.com/TIMOFFICIAL94/status/1632688310303981568
thespeed_news,"Zoom: After Laying Off 1,300 Employees, Zoom Dismissed President Greg Tomb 'Without Cause'

Read full news: 
https://t.co/xLz8KUmqJz
@thespeedpost 

#zoomlayoffs #zoompresident #thesp https://t.co/1oP5jdijOf",2023-03-06 07:02:12+00:00,https://twitter.com/thespeed_news/status/1632637687881400323
outlookbusiness,"#OutlookBusiness | Just weeks after Zoom layoffs affected close to 1,300 jobs, the tech giant has now sacked its President Greg Tomb.

#ZoomLayoffs #Layoffs2023 #Zoom #Layoffs

https://t.co/bUOJC145FN",2023-03-06 03:08:22+00:00,https://twitter.com/outlookbusiness/status/1632578842731872258
latestly,"Zoom Layoffs: Video Communication Platform Sacks President Greg Tomb ‘Without Cause’ Amid Global Macroeconomic Conditions
@Zoom
#ZoomLayoffs #Zoom #VideoCommunicationPlatform #GregTomb 

https://t.co/yx63pRS9iM",2023-03-05 10:58:35+00:00,https://twitter.com/latestly/status/1632334790358896640
indiacom,"After Laying Off 1300 Employees Last Month, #zoom  Sacks President Greg Tomb ‘Without Cause’ #ZoomLayoffs
https://t.co/sPzRR06Qx7",2023-03-05 09:41:45+00:00,https://twitter.com/indiacom/status/1632315454122491914
abt_live,"#Zoom to shed about 1,300 jobs as pandemic-fueled demand slows .....Please follow to show support..... https://t.co/xMnpyuIeq2 #zoomlayoffs #zoomvideo #zoomjobcuts",2023-02-19 16:26:16+00:00,https://twitter.com/abt_live/status/1627343821230198786
GlobalPayAssoc,"Zoom is the latest tech company to make staff cuts. The firm has laid off 1,300 workers and cut the salary of CEO Eric Yuan by 98 per cent in an attempt to manage falling demand for its services. #Zoom #Zoomlayoffs #tech #techlayoffs #joblosses #jobcuts 
https://t.co/zcocEDIupT",2023-02-16 06:57:19+00:00,https://twitter.com/GlobalPayAssoc/status/1626113477658959875
FinancialAndrew,"What do you think of CEOs taking pay cuts? People like @tim_cook , @ericyuan , @DavidSolomon and others. #ceopay #paycuts #zoomlayoffs",2023-02-15 22:54:29+00:00,https://twitter.com/FinancialAndrew/status/1625991967363551233
StartupBasecamp,"Part of the recent #techlayoffs? 

We have one of the most comprehensive lists of #climatetech job boards for those looking to get started 🌎
👉https://t.co/EJzsvpjHhK

@climatetech_vc
@ClimateDraft
@deeptechjobs
@terradotdo
@mcjpod
@ClimateJobList

#ZoomLayoffs #techjobs #hiring https://t.co/BifmHJ2QLJ",2023-02-15 20:53:20+00:00,https://twitter.com/StartupBasecamp/status/1625961478850244608
news18dotcom,"#ZoomLayoffs | Departing employees will receive 16 weeks of salary, healthcare coverage and annual bonus for the year, CEO Yuan said

#layoffs 
https://t.co/1AJQCcHoqS",2023-02-09 12:15:51+00:00,https://twitter.com/news18dotcom/status/1623656923076923392
CNBCTV18News,"Employees at #Zoom who have been impacted by the firing took to social media to express their concerns and vent their ire at the rather dire situation they are left with. 

@nishtha_pandey_ with details. #ZoomLayoffs 

https://t.co/16LM5f220O",2023-02-09 11:13:46+00:00,https://twitter.com/CNBCTV18News/status/1623641300418568194
ETHRWorldME,"#Industry | The video conferencing software maker also said that its executive leadership team will reduce their base salary by 20% in the same period.

#zoomlayoffs #layoffs #salarycut https://t.co/ErRGNj70jd",2023-02-09 10:06:26+00:00,https://twitter.com/ETHRWorldME/status/1623624354495090688
dinavaasal_news,"1000-க்கும் அதிகமான ஊழியர்களை பணிநீக்கம் செய்வதாக ‘ஜூம்’ நிறுவனம் அறிவிப்பு! 

#layoff #trendingnewsintamil #worldtrendingnews #Zoomcompany #TrendingNow  #zoomemployee #layoff  #zoomlayoffs #zoom  

https://t.co/jmxBKby3lP",2023-02-09 05:56:03+00:00,https://twitter.com/dinavaasal_news/status/1623561344036519936
EstelStudio,"The recent #zoomlayoffs remind us to always update our skills with new tech like no-code or AI, start side hustles or build business ideas soon. You never know what tomorrow will bring.",2023-02-09 05:16:58+00:00,https://twitter.com/EstelStudio/status/1623551508565622784
RhondaHugs,"Y’all, being impacted by layoffs sucks every which way — but the kindness and support I’ve seen from friends, former coworkers, and even random humans across the internet this past 24hrs is next level. ❤️

Thank you! I truly appreciate it. #zoomlayoffs",2023-02-09 04:43:03+00:00,https://twitter.com/RhondaHugs/status/1623542974616588290
JulieRHartman,"60 Second News — February 8th, 2023 ⏳✨

#ZoomLayoffs #TurkeySyriaEarthquake #SuperBowlLVII #China https://t.co/I3S3q8Ng9w",2023-02-09 00:29:32+00:00,https://twitter.com/JulieRHartman/status/1623479172042756096
Anil_2208,"#zoomlayoffs CONTINUE this week, they came for one of the pandemic’s biggest winners: #Zoom 
Yesterday, the video conferencing platform cut 15 percent of its staff, or about 1,300 people.",2023-02-08 20:46:51+00:00,https://twitter.com/Anil_2208/status/1623423135038201856
radhyka,"NPR: Zoom is the latest tech firm to announce layoffs, laying off some 1,300 employees, or about 15% of its workforce and its CEO will take a 98% pay cut!! 

#zoomlayoffs 

https://t.co/exbyBS7J2c

via @GoogleNews",2023-02-08 18:32:12+00:00,https://twitter.com/radhyka/status/1623389247117103104
newsclickin,"लॉकडाउन के समय अत्यधिक लाभ कमाने वाली कंपनी ज़ूम आज मंदी से दौर से गुजर रही है। यही कारण है कि आनन-फानन में कर्मचारियों की छंटनी की जा रही है। 

https://t.co/UxmK0eD6CW

#Zoom #ZoomLayoffs #MassLayoffs #covid19 #lockdown #Recession #CoronavirusPandemic https://t.co/PTj2Krlqwq",2023-02-08 16:17:36+00:00,https://twitter.com/newsclickin/status/1623355374945579008
philpauleo,"#Zoom will lay off 1,300 employees and CEO is taking a massive pay cut via @CNN https://t.co/0rmEI22lnG #zoomlayoffs #bigtech",2023-02-08 15:49:54+00:00,https://twitter.com/philpauleo/status/1623348405463584770
thecueofficial,"സൂം ആപ്പിലും കൂട്ട പിരിച്ചുവിടൽ 
#Zoom #zoomlayoffs #zoomapp #thecue https://t.co/RF7FadkuZV",2023-02-08 14:13:34+00:00,https://twitter.com/thecueofficial/status/1623324161560162306
zwburger,"If Zoom CEO—Eric Yuan—is taking a 98% pay cut to a $10,000 base salary this year… does he qualify for housing assistance, SNAP benefits, welfare, and Medicaid?

https://t.co/xmEENXae3S #EricYuan #Zoom #zoomlayoffs #welfare $ZM",2023-02-08 14:09:37+00:00,https://twitter.com/zwburger/status/1623323166742290432
Jhonjournalist,"Layoff by Zoom and 98% Salary Reduction to its CEO
https://t.co/6GyLM8l1Kp
#Layoff #Zoom #SalaryReduction #CEO #ZoomLayoffs @GRDecter @TechCrunch @BigadShaban @soundarc2001 
@armano https://t.co/5ZRKuKTts2",2023-02-08 14:00:19+00:00,https://twitter.com/Jhonjournalist/status/1623320824840327168
TechFeed10,"Zoom is Laying off 1,300 Employees, Around 15 Percent of Its Workforce
https://t.co/sBFewzCM5d

#Techbase #TechbaseNigeria #TechbaseNG #techfeedng #Zoom #zoomlayoffs #employees  #BreakingNews #ASUU #ZenithBank https://t.co/yg1FEXqyNa",2023-02-08 12:35:47+00:00,https://twitter.com/TechFeed10/status/1623299551305007104
HUGSIES,"Zoom to lay off 1,300 workers 
Ebay to lay off 1/4 of its global workforce
#zoomlayoffs
#ebaylayoffs #Zoom #Ebay https://t.co/dHAPm1zA8v",2023-02-08 11:56:37+00:00,https://twitter.com/HUGSIES/status/1623289694506156034
TheWeeklyMail_,"Layoffs: most downloaded app in the Corona epidemic 'Zoom' lay off 1,300 employees know what company CEO said 

Read the full article here: https://t.co/cIzRcQA7gj

#layoffs2023 #zoomlayoffs #Infosys #layoffs #Microsoft #COVID19 https://t.co/JLFKmkpUWP",2023-02-08 11:34:02+00:00,https://twitter.com/TheWeeklyMail_/status/1623284013816487939
Abhilas05491425,"Layoffs: most downloaded app in the Corona epidemic 'Zoom' lay off 1,300 employees know what company CEO said 

Read the full article here: https://t.co/Ve30d0mqU7

#layoffs2023 #zoomlayoffs #Infosys #layoffs #Microsoft #COVID19 https://t.co/UGFrgBefNB",2023-02-08 11:32:57+00:00,https://twitter.com/Abhilas05491425/status/1623283740289167361
theoutlieralpha,"In a world where founders announce  70% staff layoff (along with acceptance of financial irregularity done) with a simple ""Sorry""... this was quite commendable!
#zoomlayoffs https://t.co/9jFW8RYwxY",2023-02-08 10:43:08+00:00,https://twitter.com/theoutlieralpha/status/1623271201744510976
CitizenLK_NEWS,"📰 Zoom CEO takes 98% pay cut to show accountability for layoffs; read full email

More details - https://t.co/lGnHd2bUDw

#zoomlayoffs https://t.co/I4T6rVfoMD",2023-02-08 10:42:18+00:00,https://twitter.com/CitizenLK_NEWS/status/1623270993039966208
vibesofindia_,"Series Of Layoffs: Zoom To Cut 15% Of Workforce 

#zoomlayoffs #layoffs #VibesofIndia

https://t.co/4JM9XaI1en",2023-02-08 10:41:07+00:00,https://twitter.com/vibesofindia_/status/1623270695538159619
IeTamil,"1300 ஊழியர்களை பணி நீக்கம் செய்த ஜூம்: தனது சம்பளத்தை அதிரடியாக குறைத்த சி.இ.ஓ!
#zoomlayoffs #Technology

https://t.co/fckJmgwDoa",2023-02-08 10:30:06+00:00,https://twitter.com/IeTamil/status/1623267924051132418
LoksattaLive,"व्हिडीओ कॉन्फरन्सिंगच्या मागणीत घट झाल्यामुळे Zoom ची मोठी घोषणा

https://t.co/FMZJApdeuZ &lt; येथे वाचा सविस्तर वृत्त
#Tech #Zoom #zoomlayoffs https://t.co/CUwLJIpk8d",2023-02-08 10:07:15+00:00,https://twitter.com/LoksattaLive/status/1623262174285275137
DH_Punjabi,"ਜ਼ੂਮ 1300 ਮੁਲਾਜ਼ਮਾਂ ਦੀ ਕਰੇਗੀ ਛਾਂਟੀ, ਸੀਈਓ ਆਪਣੀ ਤਨਖਾਹ 'ਚ 98 ਫੀਸਦ ਤੱਕ ਕਰੇਗਾ ਕਟੌਤੀ
➡️https://t.co/RChbrIBLuY

#Zoom #layoff #layoff2023 #zoomlayoffs #CEO #Job #NewsUpdate #news #Dailyhunt",2023-02-08 09:53:50+00:00,https://twitter.com/DH_Punjabi/status/1623258795270086656
olivierfroggy,"Zoom layoffs: Company to cut 1,300 employees https://t.co/lVbWNe2uuk 
#zoom #zoomlayoffs",2023-02-08 09:38:18+00:00,https://twitter.com/olivierfroggy/status/1623254888401498112
ThndrArabia,"Zoom has announced that it will lay off around 15% of its workforce as it tries to cope with a difficult economic situation.

#ThndrClaps #zoomlayoffs 
https://t.co/2vxCbq6vAz",2023-02-08 09:26:55+00:00,https://twitter.com/ThndrArabia/status/1623252021804470273
SakshiPost,"#Zoom Sacks 1300 Employees
#zoomlayoffs  #layoffs #technews 
https://t.co/ndCyBehYSW",2023-02-08 09:24:59+00:00,https://twitter.com/SakshiPost/status/1623251537379328002
raedaawawdeh,"#Zoom set to slash over 15 per cent of #workforce...v/@SkyNewsAust
#unemployment #Job #JobAlert 
#business #zoomlayoffs https://t.co/2l70DNuDFF",2023-02-08 08:59:46+00:00,https://twitter.com/raedaawawdeh/status/1623245188779868160
indiatvnews,"जनवरी के महीने की शुरुआत टेक कंपनियों के कर्मचारियों के लिए बेहद खराब रही है।
#layoffs2023
#zoomlayoffs
https://t.co/yxvz4BkoZ0",2023-02-08 08:39:40+00:00,https://twitter.com/indiatvnews/status/1623240133721092096
IndiaTVHindi,"जनवरी के महीने की शुरुआत टेक कंपनियों के कर्मचारियों के लिए बेहद खराब रही है।
#layoffs2023
#zoomlayoffs
https://t.co/D27uRgRc1q",2023-02-08 08:39:37+00:00,https://twitter.com/IndiaTVHindi/status/1623240119288471553
tamilmarxorg,"உலகின் முன்னணி நிறுவனங்களில் ஒன்றான ஜூம் 1300 ஊழியர்களை பணி நீக்கம் செய்ய உள்ளதாக அறிவித்துள்ளது. இந்நிறுவனத்தின் சி.இ.ஓ எரிக் யுவான் என்பவர் சற்று முன் இந்த அறிவிப்பை வெளியிட்டுள்ளார். 
 #zoomlayoffs  #layoffs2023  #unemployment https://t.co/sG0iNzJfox",2023-02-08 08:22:29+00:00,https://twitter.com/tamilmarxorg/status/1623235806147268609
indstartupnews,"Video conferencing platform Zoom is also joining the layoffs trend, firing 1,300 employees, or 15% of its workforce.

CEO Eric Yuan is also taking a massive 98% pay cut in salary this year and forgoing his executive bonus. 

#zoomlayoffs #layoffs2023 #employees #work #startup https://t.co/CsZSoIwyoM",2023-02-08 08:14:43+00:00,https://twitter.com/indstartupnews/status/1623233851572256768
VishwavaniNews,"ತಂತ್ರಜ್ಞಾನ ಸಂಸ್ಥೆ ಜೂಮ್’ನಿಂದ 1,300 ಉದ್ಯೋಗಿಗಳ ವಜಾ...!

https://t.co/KsOw80jvgO

#Vishwavani #KannadaNews #KannadaDaily #Zoom #zoomlayoffs",2023-02-08 08:08:57+00:00,https://twitter.com/VishwavaniNews/status/1623232403518136321
humdekhengenews,"લોકડાઉનમાં સૌથી વધુ યુઝ થયેલી Zoom એપ હવે કર્મચારીઓ પર ચલાવશે કાતર, CEO એ કરી જાહેરાત

https://t.co/Tka5BhQFa9

#zoomlayoffs #Zoom #employees #CEO #EricYuan #Communicationtechnologyfirm #BusinessNews #Globalrecession #Gujarat #GujaratiNews #humdekhengenews",2023-02-08 08:00:00+00:00,https://twitter.com/humdekhengenews/status/1623230148370743299
itaddup,"Zoom to lay off 1,300 employees:
#Zoom #zoomlayoffs #zoom #layoffs2023 #layoff 
https://t.co/pLiQXpHG31",2023-02-08 07:59:33+00:00,https://twitter.com/itaddup/status/1623230034625413123
hmoffatt,How did Zoom need over 8000 employees anyway? #zoomlayoffs,2023-02-08 07:49:59+00:00,https://twitter.com/hmoffatt/status/1623227630299533312
TimesDastak,"अब ये दिग्गज कम्पनी करेगी अपने 1300 कर्मचारियों की छंटनी

#Zoom #zoomlayoffs https://t.co/RH76dlNSEN",2023-02-08 07:18:39+00:00,https://twitter.com/TimesDastak/status/1623219742009094145
DH_Kannada,"'ಝೂಮ್‌' ಕಂಪನಿಯಲ್ಲಿ 1,300 ಉದ್ಯೋಗ ಕಡಿತ.
#Zoom #techlayoffs #zoomlayoffs #employees #layoffs #CEO #EricYuan #paycut #Techjobs #jobcuts #news #Kannada #KannadaNews #dailyhunt 
https://t.co/nYaL9zLAcA",2023-02-08 07:04:01+00:00,https://twitter.com/DH_Kannada/status/1623216063033884672
Vygrofficial,"Zoom, the video conferencing giant  that grew rapidly  during the pandemic, said on Tuesday that it was laying off 15% of its workforce because of economic concerns. 
#layoffs2023 #zoomlayoffs #layoff #Vygr
Read more news:
https://t.co/vpL1BHLEPN https://t.co/N9HBXlPnaQ",2023-02-08 06:43:12+00:00,https://twitter.com/Vygrofficial/status/1623210822385258497
10TvTeluguNews,"Zoom Layoffs: ఉద్యోగాలకు కోత పెడుతున్న జూమ్.. 1300 మందిని తొలగించేందుకు సిద్దం
Read More : https://t.co/8hjGJtCBLo

#ZoomLayOffs #Layoffs #Layoffs2023 #jobcuts #Zoom #TechLayOffs #10TVNews #10TV #10TVTelugu",2023-02-08 06:36:35+00:00,https://twitter.com/10TvTeluguNews/status/1623209155422195713
TheSootr,"जूम में काम करने वाले कर्मचारियों की नौकरी खतरे में, कंपनी कर रही 1500 कर्मचारियों की छंटनी

@ericsyuan  @Zoom  #TheSootr #zoom #zoomlayoffs #layoffs #layoff  #ZoomCEO #EricYuan #latestnews  #PayCut #zoomjobcut  #jobs #layoffs2023

https://t.co/UNqc16CJ9u",2023-02-08 06:22:16+00:00,https://twitter.com/TheSootr/status/1623205552426975233
Lalluram_Eng,"Zoom Layoffs 2023: Nearly 1300 Fired; CEO Takes Salary Cut by 98 per cent

#zoom #layoffs #zoomlayoffs 

 https://t.co/veXnlVqZmH",2023-02-08 06:20:19+00:00,https://twitter.com/Lalluram_Eng/status/1623205062586793984
FortuneIndia,"@Zoom and @eBay have become the latest companies to sack thousands of employees amidst uncertain global macroeconomic conditions and a reduction in sales volume. 
https://t.co/3N7f2Cn2Ni
#zoomlayoffs #ebay #layoffs #layoff",2023-02-08 06:16:59+00:00,https://twitter.com/FortuneIndia/status/1623204224862662657
DailyhuntBangla,"ছাঁটাই পর্ব শুরু করছে জুম! এক ধাক্কায় চাকরি খোয়াতে পারেন ১,৩০০ কর্মী

https://t.co/befX87QiPe

#Zoom #techlayoffs #zoomlayoffs #employees #layoffs #CEO #EricYuan #paycut #Techjobs #jobcuts #news #dailyhunt",2023-02-08 06:05:00+00:00,https://twitter.com/DailyhuntBangla/status/1623201207832707074
Patrikaidotcom,"1300 ஊழியர்களை பணி நீக்கம் செய்கிறது 'ஜூம்' செயலி நிறுவனம்.. 
https://t.co/Oh9uPpEC4L

#zoomlayoffs #Zoom #layoffs",2023-02-08 06:00:01+00:00,https://twitter.com/Patrikaidotcom/status/1623199955774234624
NidhiPriya98,#zoomlayoffs #recession2023 #layoffs,2023-02-08 05:55:18+00:00,https://twitter.com/NidhiPriya98/status/1623198765812449281
AstroNitroNews,"✦ Follow for Daily TLDR News ✦
#TLDR #Zoom #ZoomLayoff #ZoomLayoffs #ZoomMeeting #ZoomMeetings #EricYuan #Tech #Online #WorkFromHome #StayHome #Covid #COVID19 #CoronaVirus #Pandemic #rtitbot
https://t.co/ORiODke5We",2023-02-08 05:54:10+00:00,https://twitter.com/AstroNitroNews/status/1623198482491121668
punith_25,"https://t.co/0WR7i6HQih
#zoomlayoffs",2023-02-08 05:21:51+00:00,https://twitter.com/punith_25/status/1623190351996686340
TimesNowCareers,"Zoom Layoffs 2023: Zoom CEO announces layoff, 1300 employees to be impacted 

#zoomlayoffs #zoom #layoffs2023 

https://t.co/p5ISg2ueMg",2023-02-08 05:14:00+00:00,https://twitter.com/TimesNowCareers/status/1623188373350277120
NewsBricks,"https://t.co/6fGPzo34Bg
Zoom Layoffs: Plans To Layoff Approximately 1,300 Employees
#zoomlayoffs #zoommeeting #Zoom #zoommeetings #ericyuan",2023-02-08 04:49:32+00:00,https://twitter.com/NewsBricks/status/1623182216829472768
htmarathi,"Zoom layoffs : झूमच्या १३०० कर्मचाऱ्यांची नोकरी गेली, सीईओने लिहिली भावनिक पोस्ट
#Zoom #zoomlayoffs #layoffs2023 #layoffs #layoff #Trending 
https://t.co/dSoFLKsZow",2023-02-08 04:47:23+00:00,https://twitter.com/htmarathi/status/1623181677051920384
armittal77,"@Zoom #layoffs: 

What is possibly a bit amusing is the CEO announcing a 98% pay cut, to show that he's making sacrifices too.

What he conveniently chose to omit is that he still owns 8% of zoom and the share prices went up by 10% on the layoff news.

#zoomlayoffs #Zoom",2023-02-08 04:18:55+00:00,https://twitter.com/armittal77/status/1623174512903852033
armittal77,"@Zoom has laid off 1,300 workers (15%) is hardly surprising. This was another industry that had a bloated COVID TAM.

#zoomlayoffs #layoffs2023",2023-02-08 04:17:54+00:00,https://twitter.com/armittal77/status/1623174257042952192
NickiZvik,"Zoom to lay off 1,300 employees, or about 15% of its workforce
#zoomlayoffs #layoffs2023 
https://t.co/jV9liemSHa",2023-02-08 04:10:31+00:00,https://twitter.com/NickiZvik/status/1623172399549251584
LokmatNewsHindi,"#Zoom  ने की छंटनी की घोषणा, 15% कर्मचारियों की जाएगी नौकरी

#zoomlayoffs 

देश-दुनिया की ताजा अपडेट के लिए फॉलों करें 
@LokmatNewsHindi",2023-02-08 04:10:00+00:00,https://twitter.com/LokmatNewsHindi/status/1623172267780997120
Phonenewspaper,"Zoom to lay off approx. 15% of its global workforce
#Zoom #zoomlayoffs #layoffs2023 #layoffs 
https://t.co/pnBk0v0kRy",2023-02-08 03:51:13+00:00,https://twitter.com/Phonenewspaper/status/1623167541496664066
dasunhegoda,"A Message from Eric Yuan, CEO of @Zoom.

#layoffs2023 #techlayoff #Zoom #zoomlayoffs https://t.co/OaDqxjC7qN",2023-02-08 03:46:21+00:00,https://twitter.com/dasunhegoda/status/1623166318416633856
Zee24Kalak,"Zoom Layoff: વીડિયો કોન્ફરન્સિંગ સર્વિસ કંપની ઝૂમમાં મોટાપાયે છટણી, જાણો કારણ 

#zoomlayoffs #layoffs2023 #layoffs #Jobs #JobsReport #BusinessNews #TechnologyNews 

https://t.co/z1vb9y6WYT",2023-02-08 03:41:49+00:00,https://twitter.com/Zee24Kalak/status/1623165175619792896
dna,"Zoom is laying off roughly 1,300 people, or about 15% of its staff, in the latest round of IT layoffs.

CEO Eric Yuan said the layoffs will affect every area of the company in a statement to staff posted on the Zoom Blog.

https://t.co/jyj2I8UMXP

#Zoom | #EricYuan | #ZoomLayoffs https://t.co/M4DS9CbaqM",2023-02-08 03:33:55+00:00,https://twitter.com/dna/status/1623163187821690882
jtnptll,"🚨 Zoom Announces Layoff of 1300 Employees, Approx 15% of the Total Workforce.

This Marks the End of the Pandemic - Correlated 👏

#layoffs #layoff2023 #zoomlayoffs #Zoom #Jobs",2023-02-08 03:31:40+00:00,https://twitter.com/jtnptll/status/1623162620554661888
NtvTeluguLive,"ఇక జూమ్ వంతు.. 13వందలమందికి ఉద్వాసన

#zoomlayoffs #NTVTelugu

https://t.co/CGaAZ3Oktc",2023-02-08 03:31:31+00:00,https://twitter.com/NtvTeluguLive/status/1623162582931501056
businessyee,"繼 Google、微軟、Salesforce之後，Zoom 也宣布裁員 1,300 人，約佔總員工數的 15%，CEO 表示要減少自己 98% 的薪資，也不領 2023 年的公司獎金。

CEO 袁征在信中提到，疫情期間，Zoom 的規模在兩年內擴大了三倍。

#zoomlayoffs
#裁員

https://t.co/8TfuQPAfg3",2023-02-08 03:25:36+00:00,https://twitter.com/businessyee/status/1623161095195340801
prajavani,"ಝೂಮ್‌ ಕಂಪನಿಯಲ್ಲಿ 1,300 ಉದ್ಯೋಗ ಕಡಿತ 
#zoomlayoffs #zoommeetings #zoom 
https://t.co/vO6jG6w64T",2023-02-08 03:17:52+00:00,https://twitter.com/prajavani/status/1623159148862128128
MirrorNow,"Video conferencing platform #Zoom has announced that it'll be laying off 1,300 employees, about 15 per cent of its staff.

#zoomlayoffs https://t.co/rnKw4fY4kk",2023-02-08 03:15:00+00:00,https://twitter.com/MirrorNow/status/1623158426170798086
DinakaranNews,"#zoomlayoffs #Zoom #DinakaranNews  1,300 ஊழியர்களை பணிநீக்கம் செய்தது பன்னாட்டு தொலை தொடர்பு ஐ.டி. நிறுவனம் ஸும் https://t.co/XPMpmDdjIR https://t.co/iWBnnWMOs2",2023-02-08 03:12:45+00:00,https://twitter.com/DinakaranNews/status/1623157859143028737
Searchf47226719,"As @POTUS meanders his way through the gauntlet of lies scripted by the #deepstate or whoever is running things, he boasts about the economy and jobs while thousands are laid off just today #Boeing #zoomlayoffs and 100s of thousands recently. Way to go #SOTU #sotu2023",2023-02-08 02:59:35+00:00,https://twitter.com/Searchf47226719/status/1623154545554759680
PragattiOberoi8,"#JustIn | In latest round of tech layoffs, Zoom will cut about 15% of its workforce, slashing almost 1,300 jobs as the pandemic-driven demand dwindles.

#ZoomLayoffs #Layoffs #Recession #Jobs #BreakingNews #Layoffs2023",2023-02-08 02:49:11+00:00,https://twitter.com/PragattiOberoi8/status/1623151932021014528
theSundaily,"Zoom Video Communications chief executive Eric Yuan is taking a 98% cut in salary this year and forgoing his executive bonus.

#theSun #theSundaily #communication #zoomlayoffs #salary #zoom #Jobs 

https://t.co/zPk3LpuKfQ",2023-02-08 02:41:45+00:00,https://twitter.com/theSundaily/status/1623150060388380672
ndtvindia,"""अगले 30 मिनट में मिल जाएगा ईमेल.."": 1300 कर्मचारियों की छंटनी की घोषणा करते हुए बोले Zoom CEO
#zoomlayoffs 

https://t.co/P0cGMd4vxC",2023-02-08 02:38:32+00:00,https://twitter.com/ndtvindia/status/1623149249100763136
latestly,"Zoom Begins Layoffs, To Sack Around 1,300 Employees; CEO Eric Yuan Taking 98% Pay Cut 
#ZoomLayoffs #Zoom #Layoffs #Layoffs2023 
https://t.co/ngM8lZ5HiU",2023-02-08 02:37:11+00:00,https://twitter.com/latestly/status/1623148911472025601
patronage_money,"@Zoom to lay off about 1,300 employees or 15% of the total workforce.

#layoff2023 #layoffs #zoomlayoffs",2023-02-08 02:34:08+00:00,https://twitter.com/patronage_money/status/1623148140936458240
clipperjoe9972,#StateOfTheUnionAddress if jobs are coming back then why are #DellLayoffs and #zoomlayoffs happening?,2023-02-08 02:30:12+00:00,https://twitter.com/clipperjoe9972/status/1623147154482270208
phajeeti,"One more-
when the ""brilliant minds"" fail to assess a transitory situation, ""peasants"" pay with their careers.

Did they expect people will lock themselves in and use Zoom for the rest of their lives?

#layoffs2023 #zoomlayoffs https://t.co/1QKxmTuyyU",2023-02-08 02:05:15+00:00,https://twitter.com/phajeeti/status/1623140872119541761
rajudelhi123,"'I was accountable for mistakes...'- Zoom CEO after announcing 15% job cut | LIST of IT giants' layoffs

#Zoom #zoomlayoffs #layoffs 
Read- https://t.co/fVcF0inMk5",2023-02-08 01:52:45+00:00,https://twitter.com/rajudelhi123/status/1623137729721827329
indiatvnews,"'I was accountable for mistakes...'- Zoom CEO after announcing 15% job cut | LIST of IT giants' layoffs

#Zoom #zoomlayoffs #layoffs 
 
https://t.co/ZdApFqWojN",2023-02-08 01:50:37+00:00,https://twitter.com/indiatvnews/status/1623137191873630209
ReddySamyutha,"Any CEO that doesn’t reduce their salary by some percentage when announcing major layoffs is a huge loser in my book (which is objectively very important book). No good way to destroy people’s livelihoods, but Eric seems to have done this one thing right #zoomlayoffs",2023-02-07 23:06:16+00:00,https://twitter.com/ReddySamyutha/status/1623095832248750080
moin_jogezai,"📌 Tough news from #Zoom as the company announces plans to cut 15% of its workforce, or around 1,300 employees. 🧵 THREAD
#zoomlayoffs #EconomicCrisis #recession #layoffs2023  #SupportingEmployees https://t.co/v3dJn00lxe",2023-02-07 21:56:13+00:00,https://twitter.com/moin_jogezai/status/1623078202611474432
NikkiBeauchamp,"Currently reading about the #zoomlayoffs #zoom #tech  A Message from Eric Yuan, CEO of Zoom https://t.co/sw6UR6xoR8",2023-02-07 21:34:45+00:00,https://twitter.com/NikkiBeauchamp/status/1623072800553443328
NeowinFeed,"Today's Zoom layoffs will affect 1,300 employees at the online video conferencing software company, which got a big boost in use during the Covid-19 pandemic in the last few years. #Zoom #ZoomLayoffs https://t.co/UkBn2Hmkf4",2023-02-07 21:06:04+00:00,https://twitter.com/NeowinFeed/status/1623065582919876613
RhondaHugs,"Sadly, I’ve been impacted by the @Zoom layoffs. I'm shocked, sad &amp; a whole mix of emotions jumbled together. 

To my team, it has been an absolutely pleasure working alongside you each day. I’m incredibly proud of everything we’ve built the past 3 years. 💙 

#ZoomLayoffs",2023-02-07 20:42:43+00:00,https://twitter.com/RhondaHugs/status/1623059705039060994
a8hi_b,"Its tough to see so many co-workers get laid off #zoom #zoomlayoffs 
One of the worst times to work in tech 😔",2023-02-07 20:17:53+00:00,https://twitter.com/a8hi_b/status/1623053458252365824
MoneycontrolH,"छंटनी की सूची में Zoom भी शामिल, 1300 कर्मचारियों को करेगी बाहर

@Zoom 

#zoom #layoffs #layoffs2023 #zoomlayoffs #moneycontrol 

https://t.co/NZ82bcx7Lb",2023-02-07 18:07:40+00:00,https://twitter.com/MoneycontrolH/status/1623020685089214464
